Player,Rush Yds,Att,TD,20+,40+,Lng,Rush 1st,Rush 1st%,Rush FUM
Saquon Barkley,2005,345,13,17,7,72,82,23.8,2
Derrick Henry,1921,325,16,19,5,87,93,28.6,3
Bijan Robinson,1456,304,14,5,0,37,82,27,1
Jonathan Taylor,1431,303,11,11,4,70,71,23.4,2
Jahmyr Gibbs,1412,250,16,13,3,70,70,28,0
Josh Jacobs,1329,301,15,7,0,38,73,24.2,4
Kyren Williams,1299,316,14,2,0,30,85,26.9,5
Chuba Hubbard,1195,250,10,8,0,38,62,24.8,1
Aaron Jones,1138,255,5,3,1,41,49,19.2,3
Bucky Irving,1122,207,8,8,3,56,52,25.1,2
James Conner,1094,236,8,6,2,53,66,28,2
Rico Dowdle,1079,235,2,2,0,27,53,22.6,3
Tony Pollard,1079,260,5,6,1,41,53,20.4,2
Najee Harris,1043,263,6,9,0,36,50,19,0
Joe Mixon,1016,245,11,8,2,59,52,21.2,0
James Cook,1009,207,16,6,4,65,48,23.2,1
Chase Brown,990,229,7,8,1,40,49,21.4,2
D'Andre Swift,959,253,6,5,1,56,43,17,1
Alvin Kamara,950,228,6,3,0,24,52,22.8,0
Lamar Jackson,915,139,4,8,1,48,47,33.8,6
De'Von Achane,907,203,6,5,3,61,37,18.2,0
J.K. Dobbins,905,195,9,6,3,61,47,24.1,0
Jayden Daniels,891,148,6,7,1,46,55,37.2,3
Breece Hall,876,209,5,3,1,42,40,19.1,5
Tyrone Tracy Jr.,839,192,5,6,2,45,39,20.3,2
Rhamondre Stevenson,801,207,7,2,0,33,40,19.3,6
Brian Robinson,799,187,8,4,2,40,47,25.1,2
Jordan Mason,789,153,3,9,0,38,37,24.2,3
David Montgomery,775,185,12,1,0,21,50,27,2
Tank Bigsby,766,168,7,4,2,65,39,23.2,3
Kareem Hunt,728,200,7,1,0,20,42,21,0
Tyler Allgeier,644,137,3,4,0,25,43,31.4,0
Jalen Hurts,630,150,14,7,0,35,62,41.3,4
Rachaad White,613,144,3,2,1,56,35,24.3,2
Kenneth Walker III,573,153,7,5,0,28,28,18.3,1
Kyler Murray,572,78,5,6,2,50,27,34.6,4
Zach Charbonnet,569,135,8,3,1,51,32,23.7,0
Jerome Ford,565,104,3,5,2,66,25,24,0
Travis Etienne,558,150,2,2,0,22,31,20.7,1
Antonio Gibson,538,120,1,4,1,45,24,20,2
Josh Allen,531,102,12,5,0,30,51,50,0
Javonte Williams,513,139,4,1,0,20,30,21.6,2
Jaylen Warren,511,120,1,1,0,22,28,23.3,1
Emanuel Wilson,502,103,4,1,0,21,27,26.2,0
Anthony Richardson,499,86,6,5,0,29,33,38.4,6
Jaleel McLaughlin,496,113,1,1,0,21,25,22.1,0
Caleb Williams,489,81,0,2,0,24,27,33.3,3
Cam Akers,444,104,2,2,1,58,21,20.2,1
Ray Davis,442,113,3,2,0,23,25,22.1,0
Devin Singletary,437,113,4,2,1,43,24,21.2,2
Bo Nix,430,92,4,6,0,32,41,44.6,1
Drake Maye,421,54,2,3,1,41,22,40.7,4
Isaac Guerendo,420,84,4,2,1,76,18,21.4,0
Alexander Mattison,420,132,4,1,0,24,25,18.9,1
Baker Mayfield,378,60,3,2,0,28,24,40,7
Austin Ekeler,367,77,4,4,1,50,19,24.7,1
Gus Edwards,365,101,4,1,1,43,17,16.8,0
Braelon Allen,334,92,2,1,0,20,22,23.9,0
Nick Chubb,332,102,3,0,0,19,17,16.7,1
Brock Purdy,323,66,5,0,0,16,33,50,2
Tyjae Spears,312,84,4,1,0,23,19,22.6,0
Ameer Abdullah,311,66,2,1,1,40,14,21.2,1
Audric Estim√©,310,76,2,1,0,21,15,19.7,2
Isiah Pacheco,310,83,1,1,0,34,14,16.9,0
Sean Tucker,308,50,2,2,0,36,17,34,1
Patrick Mahomes,307,58,2,2,0,33,22,37.9,1
Justin Herbert,306,69,2,4,1,41,23,33.3,2
Dameon Pierce,293,40,2,2,2,92,7,17.5,1
Trey Benson,291,63,1,1,0,20,16,25.4,1
Kenneth Gainwell,290,75,1,1,0,20,12,16,0
Justin Fields,289,62,5,1,0,30,19,30.6,4
Taysom Hill,278,39,6,2,1,75,18,46.2,0
Raheem Mostert,278,85,2,1,0,21,13,15.3,2
Geno Smith,272,53,2,3,0,34,17,32.1,4
Daniel Jones,265,67,2,1,0,24,26,38.8,0
Jeremy McNichols,261,55,4,2,0,28,15,27.3,0
Jaylen Wright,249,68,0,1,0,20,11,16.2,1
Bryce Young,249,43,6,3,0,34,15,34.9,1
Zack Moss,242,74,2,0,0,16,13,17.6,2
C.J. Stroud,233,52,0,2,0,25,14,26.9,3
D'Onta Foreman,232,71,0,1,0,25,10,14.1,2
Justice Hill,228,47,1,2,1,51,14,29.8,0
Ezekiel Elliott,226,74,3,0,0,11,14,18.9,1
Emari Demercado,223,24,1,2,2,53,8,33.3,0
Ty Johnson,213,41,1,0,0,19,13,31.7,0
Sam Darnold,212,67,1,0,0,19,23,34.3,3
Blake Corum,207,58,0,0,0,12,12,20.7,0
Miles Sanders,205,55,2,1,0,26,12,21.8,0
Christian McCaffrey,202,50,0,0,0,19,12,24,0
Joe Burrow,201,42,2,1,1,47,16,38.1,2
Chris Brooks,183,36,1,1,0,23,12,33.3,0
Will Levis,183,45,0,1,0,21,20,44.4,5
Sincere McCormick,183,39,0,1,0,29,10,25.6,0
Carson Steele,183,56,0,0,0,9,14,25,3
Patrick Taylor,183,39,1,1,0,29,11,28.2,0
Zamir White,183,65,1,0,0,17,4,6.2,2
Ty Chandler,182,56,0,1,0,25,9,16.1,0
Isaiah Davis,174,30,1,1,0,20,10,33.3,0
Chris Rodriguez Jr.,173,35,2,1,0,25,10,28.6,0
Kenny McIntosh,172,31,0,1,0,25,8,25.8,0
Jamaal Williams,164,48,1,0,0,14,11,22.9,0
Jayden Reed,163,20,1,3,0,33,7,35,1
Trey Sermon,159,56,2,0,0,17,14,25,0
Kimani Vidal,155,43,0,0,0,19,7,16.3,1
Russell Wilson,155,43,2,0,0,19,16,37.2,2
Tyler Goodson,153,32,1,1,0,33,6,18.8,0
Roschon Johnson,150,55,6,0,0,9,17,30.9,0
Kendre Miller,148,39,1,0,0,17,11,28.2,0
Deshaun Watson,148,31,1,0,0,16,8,25.8,2
Spencer Rattler,146,18,0,2,0,28,7,38.9,1
D'Ernest Johnson,143,32,0,1,0,22,7,21.9,0
Craig Reynolds,139,31,0,0,0,19,6,19.4,1
Malik Willis,138,20,1,3,0,29,6,30,0
Deebo Samuel Sr.,136,42,1,0,0,13,5,11.9,0
Tyler Huntley,135,26,2,1,0,20,10,38.5,2
Cordarrelle Patterson,135,32,0,0,0,14,7,21.9,1
Drew Lock,133,18,2,3,0,28,9,50,1
Michael Carter,131,35,1,0,0,13,9,25.7,0
Khalil Herbert,130,36,1,0,0,14,10,27.8,0
Dorian Thompson-Robinson,122,21,0,1,0,34,9,42.9,1
Trevor Lawrence,119,26,3,1,0,33,13,50,0
Dare Ogunbowale,112,30,0,1,0,35,5,16.7,0
Pierre Strong,108,26,0,0,0,19,6,23.1,0
Aaron Rodgers,107,22,0,0,0,18,7,31.8,0
Mason Rudolph,106,25,1,0,0,14,13,52,3
